year,month,day,hour,sentiment,hourly_score,hourly_count,datetime
2009,4,7,5,1,0.34406590051663927,49,2009-04-07 05:00:00
2009,4,7,5,0,-0.14324630610238717,43,2009-04-07 05:00:00
2009,4,7,6,0,-0.12635681603797802,51,2009-04-07 06:00:00
2009,4,7,6,1,0.36286662976221684,65,2009-04-07 06:00:00
2009,4,7,7,1,0.33455782262018136,71,2009-04-07 07:00:00
2009,4,7,7,0,-0.11880468568298966,50,2009-04-07 07:00:00
2009,4,7,8,0,-0.10992254545786777,65,2009-04-07 08:00:00
2009,4,7,8,1,0.3265346643922385,80,2009-04-07 08:00:00
2009,4,7,9,1,0.350315471980532,74,2009-04-07 09:00:00
2009,4,7,9,0,-0.10377234501764178,50,2009-04-07 09:00:00
2009,4,7,10,0,-0.11547167343087494,52,2009-04-07 10:00:00
2009,4,7,10,1,0.3245225307190845,69,2009-04-07 10:00:00
2009,4,7,11,0,-0.08957271475218616,59,2009-04-07 11:00:00
2009,4,7,11,1,0.3625467049576783,76,2009-04-07 11:00:00
2009,4,7,12,1,0.31830944255867505,50,2009-04-07 12:00:00
2009,4,7,12,0,-0.1317960070963535,54,2009-04-07 12:00:00
2009,4,7,13,0,-0.13933177236116157,53,2009-04-07 13:00:00
2009,4,7,13,1,0.38736273871708504,71,2009-04-07 13:00:00
2009,4,7,14,0,-0.13602087694982237,55,2009-04-07 14:00:00
2009,4,7,14,1,0.3725347369975005,62,2009-04-07 14:00:00
2009,4,7,15,0,-0.1338203644118039,48,2009-04-07 15:00:00
2009,4,7,15,1,0.3508580084977988,53,2009-04-07 15:00:00
2009,4,18,3,0,-0.1394868748204317,20,2009-04-18 03:00:00
2009,4,18,3,1,0.4710139619585659,14,2009-04-18 03:00:00
2009,4,18,4,1,0.3205214695481118,68,2009-04-18 04:00:00
2009,4,18,4,0,-0.1288278830602697,60,2009-04-18 04:00:00
2009,4,18,5,0,-0.13979201160959506,19,2009-04-18 05:00:00
2009,4,18,5,1,0.36484805551461047,27,2009-04-18 05:00:00
2009,4,18,13,1,0.3739770840232571,6,2009-04-18 13:00:00
2009,4,18,13,0,-0.15734508720925078,8,2009-04-18 13:00:00
2009,4,18,14,1,0.3289248035053142,69,2009-04-18 14:00:00
2009,4,18,14,0,-0.08390318839248444,59,2009-04-18 14:00:00
2009,4,18,15,1,0.3950217675614113,80,2009-04-18 15:00:00
2009,4,18,15,0,-0.1230957935821559,57,2009-04-18 15:00:00
2009,4,18,16,1,0.3900615941436792,99,2009-04-18 16:00:00
2009,4,18,16,0,-0.14700465818616346,52,2009-04-18 16:00:00
2009,4,18,17,0,-0.08484144214339354,37,2009-04-18 17:00:00
2009,4,18,17,1,0.37816882556391646,50,2009-04-18 17:00:00
2009,4,18,20,0,-0.1549489294790641,43,2009-04-18 20:00:00
2009,4,18,20,1,0.33155111328652326,59,2009-04-18 20:00:00
2009,4,18,21,1,0.34606831777460145,74,2009-04-18 21:00:00
2009,4,18,21,0,-0.13797435185856996,62,2009-04-18 21:00:00
2009,4,18,22,1,0.3179382741538575,80,2009-04-18 22:00:00
2009,4,18,22,0,-0.09152823793701828,50,2009-04-18 22:00:00
2009,4,18,23,0,-0.0725285711565188,21,2009-04-18 23:00:00
2009,4,18,23,1,0.37796468834482855,31,2009-04-18 23:00:00
2009,4,19,0,0,-0.09598429536876771,13,2009-04-19 00:00:00
2009,4,19,0,1,0.2560144247343907,13,2009-04-19 00:00:00
2009,4,19,3,1,0.34068473907144264,43,2009-04-19 03:00:00
2009,4,19,3,0,-0.1280526541467268,42,2009-04-19 03:00:00
2009,4,19,4,0,-0.1300545268442849,71,2009-04-19 04:00:00
2009,4,19,4,1,0.3468523306765364,69,2009-04-19 04:00:00
2009,4,19,5,1,0.37709747146914846,70,2009-04-19 05:00:00
2009,4,19,5,0,-0.13647956169174555,52,2009-04-19 05:00:00
2009,4,19,6,1,0.36887748950613203,69,2009-04-19 06:00:00
2009,4,19,6,0,-0.11524627756859575,63,2009-04-19 06:00:00
2009,4,19,7,1,0.34071908366604475,64,2009-04-19 07:00:00
2009,4,19,7,0,-0.14899978236999453,41,2009-04-19 07:00:00
2009,4,19,8,1,0.38061174639104234,74,2009-04-19 08:00:00
2009,4,19,8,0,-0.09863348165974738,52,2009-04-19 08:00:00
2009,4,19,9,1,0.4061536637568174,72,2009-04-19 09:00:00
2009,4,19,9,0,-0.10938181929573741,46,2009-04-19 09:00:00
2009,4,19,10,0,-0.12009423769389589,54,2009-04-19 10:00:00
2009,4,19,10,1,0.4117777951993048,65,2009-04-19 10:00:00
2009,4,19,11,0,-0.1194282416898724,56,2009-04-19 11:00:00
2009,4,19,11,1,0.32175261793139426,79,2009-04-19 11:00:00
2009,4,19,12,1,0.3405270933022072,63,2009-04-19 12:00:00
2009,4,19,12,0,-0.11476218633596665,46,2009-04-19 12:00:00
2009,4,19,13,0,-0.12132982857821678,44,2009-04-19 13:00:00
2009,4,19,13,1,0.3688476938439825,67,2009-04-19 13:00:00
2009,4,19,14,1,0.3635928806920464,65,2009-04-19 14:00:00
2009,4,19,14,0,-0.10614854379293873,46,2009-04-19 14:00:00
2009,4,19,15,1,0.3899544548236905,73,2009-04-19 15:00:00
2009,4,19,15,0,-0.09743085979676709,58,2009-04-19 15:00:00
2009,4,19,16,0,-0.12779359386393296,59,2009-04-19 16:00:00
2009,4,19,16,1,0.3517354388443184,63,2009-04-19 16:00:00
2009,4,19,17,0,-0.1321802490475503,55,2009-04-19 17:00:00
2009,4,19,17,1,0.3371415127882228,81,2009-04-19 17:00:00
2009,4,19,18,1,0.32953724205665486,76,2009-04-19 18:00:00
2009,4,19,18,0,-0.11371731933483735,47,2009-04-19 18:00:00
2009,4,19,19,0,-0.1260582053706654,37,2009-04-19 19:00:00
2009,4,19,19,1,0.41370494514492084,44,2009-04-19 19:00:00
2009,4,20,2,0,-0.15664707855986698,7,2009-04-20 02:00:00
2009,4,20,2,1,0.37999724091163706,7,2009-04-20 02:00:00
2009,4,20,5,1,0.3245984264649451,13,2009-04-20 05:00:00
2009,4,20,5,0,-0.12444767616689205,10,2009-04-20 05:00:00
2009,4,20,6,0,-0.1352849393710494,50,2009-04-20 06:00:00
2009,4,20,6,1,0.39700962476873475,76,2009-04-20 06:00:00
2009,4,20,7,1,0.3769357217978196,76,2009-04-20 07:00:00
2009,4,20,7,0,-0.10498624798908297,63,2009-04-20 07:00:00
2009,4,20,8,0,-0.15416571671927445,57,2009-04-20 08:00:00
2009,4,20,8,1,0.35145692957346053,68,2009-04-20 08:00:00
2009,4,20,9,1,0.3036896948991665,58,2009-04-20 09:00:00
2009,4,20,9,0,-0.13317635526944852,58,2009-04-20 09:00:00
2009,4,20,10,1,0.37889159522248,56,2009-04-20 10:00:00
2009,4,20,10,0,-0.121262617936393,53,2009-04-20 10:00:00
2009,4,20,11,0,-0.10637481230785888,51,2009-04-20 11:00:00
2009,4,20,11,1,0.3720134395109012,78,2009-04-20 11:00:00
2009,4,20,12,0,-0.11183425754700836,57,2009-04-20 12:00:00
2009,4,20,12,1,0.37173793733912847,74,2009-04-20 12:00:00
2009,4,20,13,0,-0.08766709159755585,49,2009-04-20 13:00:00
2009,4,20,13,1,0.3751071526842066,86,2009-04-20 13:00:00
2009,4,20,14,1,0.36038639323817473,59,2009-04-20 14:00:00
2009,4,20,14,0,-0.12124737790795638,47,2009-04-20 14:00:00
2009,4,20,15,0,0.0,1,2009-04-20 15:00:00
2009,4,20,15,1,0.31654062506277114,4,2009-04-20 15:00:00
2009,4,21,5,0,-0.0711854390011957,13,2009-04-21 05:00:00
2009,4,21,5,1,0.36290334913064726,16,2009-04-21 05:00:00
2009,4,21,6,1,0.3627921874619654,61,2009-04-21 06:00:00
2009,4,21,6,0,-0.11452617903349313,49,2009-04-21 06:00:00
2009,4,21,7,0,-0.13929686534150582,60,2009-04-21 07:00:00
2009,4,21,7,1,0.3221665941765471,76,2009-04-21 07:00:00
2009,4,21,8,0,-0.07589461917086737,64,2009-04-21 08:00:00
2009,4,21,8,1,0.3377992009304257,81,2009-04-21 08:00:00
2009,4,21,9,0,-0.10670290883960358,48,2009-04-21 09:00:00
2009,4,21,9,1,0.34014036012745963,69,2009-04-21 09:00:00
2009,4,21,10,1,0.37496177437332096,79,2009-04-21 10:00:00
2009,4,21,10,0,-0.11240611440988015,46,2009-04-21 10:00:00
2009,4,21,11,1,0.3361442022813627,26,2009-04-21 11:00:00
2009,4,21,11,0,-0.08098253023882325,13,2009-04-21 11:00:00
2009,5,2,3,1,0.34247023818226385,52,2009-05-02 03:00:00
2009,5,2,3,0,-0.14961008964718192,51,2009-05-02 03:00:00
2009,5,2,4,1,0.3885829543406275,71,2009-05-02 04:00:00
2009,5,2,4,0,-0.13716635584108988,49,2009-05-02 04:00:00
2009,5,2,5,1,0.3621408493515143,72,2009-05-02 05:00:00
2009,5,2,5,0,-0.12698547121682116,53,2009-05-02 05:00:00
2009,5,2,6,0,-0.12918459187695308,58,2009-05-02 06:00:00
2009,5,2,6,1,0.4182502204979149,72,2009-05-02 06:00:00
2009,5,2,7,0,-0.12033215451699036,52,2009-05-02 07:00:00
2009,5,2,7,1,0.3704305906298881,75,2009-05-02 07:00:00
2009,5,2,8,1,0.3670298327076233,59,2009-05-02 08:00:00
2009,5,2,8,0,-0.13295708044629115,52,2009-05-02 08:00:00
2009,5,2,9,0,-0.12044365519776623,47,2009-05-02 09:00:00
2009,5,2,9,1,0.3324306302268106,78,2009-05-02 09:00:00
2009,5,2,10,0,-0.0974673439282924,50,2009-05-02 10:00:00
2009,5,2,10,1,0.3446573182287167,67,2009-05-02 10:00:00
2009,5,2,11,0,-0.10883056243248987,53,2009-05-02 11:00:00
2009,5,2,11,1,0.40022192821886976,57,2009-05-02 11:00:00
2009,5,2,12,0,-0.15827380204573274,45,2009-05-02 12:00:00
2009,5,2,12,1,0.32536535975382186,66,2009-05-02 12:00:00
2009,5,2,13,0,-0.13910155474854213,62,2009-05-02 13:00:00
2009,5,2,13,1,0.4099531075738084,78,2009-05-02 13:00:00
2009,5,2,14,1,0.3645073688471928,84,2009-05-02 14:00:00
2009,5,2,14,0,-0.1432869223858781,49,2009-05-02 14:00:00
2009,5,2,15,1,0.4082300110021606,52,2009-05-02 15:00:00
2009,5,2,15,0,-0.09320998263079673,50,2009-05-02 15:00:00
2009,5,2,16,0,-0.1247465483029373,23,2009-05-02 16:00:00
2009,5,2,16,1,0.3165502406118321,32,2009-05-02 16:00:00
2009,5,2,17,1,0.33566629618692856,65,2009-05-02 17:00:00
2009,5,2,17,0,-0.11848291897935406,53,2009-05-02 17:00:00
2009,5,2,18,1,0.3252448030445423,37,2009-05-02 18:00:00
2009,5,2,18,0,-0.10825098624550983,19,2009-05-02 18:00:00
2009,5,2,19,0,-0.1697172081330791,44,2009-05-02 19:00:00
2009,5,2,19,1,0.32406900024889457,67,2009-05-02 19:00:00
2009,5,2,20,0,-0.07878750161482738,13,2009-05-02 20:00:00
2009,5,2,20,1,0.3014734629658051,20,2009-05-02 20:00:00
2009,5,3,4,1,0.5064041678948948,6,2009-05-03 04:00:00
2009,5,3,4,0,-0.24246250372380018,6,2009-05-03 04:00:00
2009,5,3,5,0,-0.1329665741068311,48,2009-05-03 05:00:00
2009,5,3,5,1,0.3853581553621387,55,2009-05-03 05:00:00
2009,5,3,6,1,0.3465288935868598,67,2009-05-03 06:00:00
2009,5,3,6,0,-0.10080790810515078,49,2009-05-03 06:00:00
2009,5,3,7,0,-0.131914070815426,58,2009-05-03 07:00:00
2009,5,3,7,1,0.38737625647153906,83,2009-05-03 07:00:00
2009,5,3,8,1,0.31542132067908013,90,2009-05-03 08:00:00
2009,5,3,8,0,-0.10115652354281457,61,2009-05-03 08:00:00
2009,5,3,9,0,-0.10108935597407467,51,2009-05-03 09:00:00
2009,5,3,9,1,0.36358342946458383,67,2009-05-03 09:00:00
2009,5,3,10,0,-0.08260316386198004,54,2009-05-03 10:00:00
2009,5,3,10,1,0.3745088410847957,68,2009-05-03 10:00:00
2009,5,3,11,0,-0.1104895542755875,49,2009-05-03 11:00:00
2009,5,3,11,1,0.3554477408774239,89,2009-05-03 11:00:00
2009,5,3,12,0,-0.14776699055098638,58,2009-05-03 12:00:00
2009,5,3,12,1,0.34630141174083534,82,2009-05-03 12:00:00
2009,5,3,13,0,-0.10917592500435545,47,2009-05-03 13:00:00
2009,5,3,13,1,0.378391960344743,63,2009-05-03 13:00:00
2009,5,3,14,0,-0.11019682173617185,50,2009-05-03 14:00:00
2009,5,3,14,1,0.338133455107187,61,2009-05-03 14:00:00
2009,5,3,15,0,-0.14618062601232576,63,2009-05-03 15:00:00
2009,5,3,15,1,0.34153975907882506,55,2009-05-03 15:00:00
2009,5,3,16,1,0.41215901036763136,57,2009-05-03 16:00:00
2009,5,3,16,0,-0.16414916251329179,53,2009-05-03 16:00:00
2009,5,3,17,0,-0.08616940238021521,18,2009-05-03 17:00:00
2009,5,3,17,1,0.41494043256509405,29,2009-05-03 17:00:00
2009,5,3,18,0,-0.12483593879733235,8,2009-05-03 18:00:00
2009,5,3,18,1,0.28694166491429013,3,2009-05-03 18:00:00
2009,5,3,19,1,0.34358763520825,34,2009-05-03 19:00:00
2009,5,3,19,0,-0.10332437588367611,20,2009-05-03 19:00:00
2009,5,3,23,1,0.3864607356323783,48,2009-05-03 23:00:00
2009,5,3,23,0,-0.1490141340462422,54,2009-05-03 23:00:00
2009,5,4,0,1,0.369429629649468,56,2009-05-04 00:00:00
2009,5,4,0,0,-0.11163610349805302,56,2009-05-04 00:00:00
2009,5,4,1,1,0.37882294450801884,33,2009-05-04 01:00:00
2009,5,4,1,0,-0.1643196236926507,26,2009-05-04 01:00:00
2009,5,4,2,0,-0.15576991977037064,70,2009-05-04 02:00:00
2009,5,4,2,1,0.3516910962498514,72,2009-05-04 02:00:00
2009,5,4,3,1,0.36910046780163924,82,2009-05-04 03:00:00
2009,5,4,3,0,-0.12359348588830067,54,2009-05-04 03:00:00
2009,5,4,4,1,0.3370922505091042,67,2009-05-04 04:00:00
2009,5,4,4,0,-0.13662453157737395,57,2009-05-04 04:00:00
2009,5,4,5,0,-0.15537610648399486,56,2009-05-04 05:00:00
2009,5,4,5,1,0.35432957959185796,61,2009-05-04 05:00:00
2009,5,4,6,1,0.35293440151837696,84,2009-05-04 06:00:00
2009,5,4,6,0,-0.10030828322180443,45,2009-05-04 06:00:00
2009,5,4,7,1,0.3372074418402917,64,2009-05-04 07:00:00
2009,5,4,7,0,-0.16637397547407698,45,2009-05-04 07:00:00
2009,5,4,8,1,0.336099031390725,68,2009-05-04 08:00:00
2009,5,4,8,0,-0.12162798443367999,38,2009-05-04 08:00:00
2009,5,4,9,0,-0.05969477692851797,40,2009-05-04 09:00:00
2009,5,4,9,1,0.32581788477929013,57,2009-05-04 09:00:00
2009,5,4,10,1,0.3604746862159421,57,2009-05-04 10:00:00
2009,5,4,10,0,-0.14869587049179245,60,2009-05-04 10:00:00
2009,5,4,11,1,0.31241162345995976,63,2009-05-04 11:00:00
2009,5,4,11,0,-0.13477129307877342,54,2009-05-04 11:00:00
2009,5,4,12,1,0.3346281793250532,71,2009-05-04 12:00:00
2009,5,4,12,0,-0.118702081546265,48,2009-05-04 12:00:00
2009,5,4,13,1,0.3845770892846674,54,2009-05-04 13:00:00
2009,5,4,13,0,-0.14086021398390203,38,2009-05-04 13:00:00
2009,5,4,14,0,-0.11026396086246958,52,2009-05-04 14:00:00
2009,5,4,14,1,0.32320408605372386,51,2009-05-04 14:00:00
2009,5,10,1,1,0.35860776774643455,64,2009-05-10 01:00:00
2009,5,10,1,0,-0.1047351152542083,52,2009-05-10 01:00:00
2009,5,10,2,1,0.42165365546306194,74,2009-05-10 02:00:00
2009,5,10,2,0,-0.17818967538293112,55,2009-05-10 02:00:00
2009,5,10,3,0,-0.14056136205040834,57,2009-05-10 03:00:00
2009,5,10,3,1,0.3601533036933027,77,2009-05-10 03:00:00
2009,5,10,4,0,-0.12592064907196268,58,2009-05-10 04:00:00
2009,5,10,4,1,0.41168494414873746,80,2009-05-10 04:00:00
2009,5,10,5,1,0.3678511575665599,68,2009-05-10 05:00:00
2009,5,10,5,0,-0.10325083925078313,45,2009-05-10 05:00:00
2009,5,10,6,0,-0.09963429110267988,52,2009-05-10 06:00:00
2009,5,10,6,1,0.3524510663683846,67,2009-05-10 06:00:00
2009,5,10,7,1,0.41329100907526234,55,2009-05-10 07:00:00
2009,5,10,7,0,-0.11932265963828699,55,2009-05-10 07:00:00
2009,5,10,8,1,0.3969604122156108,66,2009-05-10 08:00:00
2009,5,10,8,0,-0.1253527615073265,51,2009-05-10 08:00:00
2009,5,10,9,0,-0.13578456991782525,66,2009-05-10 09:00:00
2009,5,10,9,1,0.4290699164213782,77,2009-05-10 09:00:00
2009,5,10,10,1,0.3549262212163031,77,2009-05-10 10:00:00
2009,5,10,10,0,-0.14293812854318982,54,2009-05-10 10:00:00
2009,5,10,11,1,0.42177329737512365,67,2009-05-10 11:00:00
2009,5,10,11,0,-0.10693798697497131,33,2009-05-10 11:00:00
2009,5,10,12,0,-0.14937860791061847,53,2009-05-10 12:00:00
2009,5,10,12,1,0.38737691205316854,81,2009-05-10 12:00:00
2009,5,10,13,0,-0.12224086466226347,49,2009-05-10 13:00:00
2009,5,10,13,1,0.425623680355784,64,2009-05-10 13:00:00
2009,5,10,14,0,-0.1245691702605631,39,2009-05-10 14:00:00
2009,5,10,14,1,0.4493320111068897,86,2009-05-10 14:00:00
2009,5,10,15,0,-0.12867086650027584,60,2009-05-10 15:00:00
2009,5,10,15,1,0.4293566472188104,80,2009-05-10 15:00:00
2009,5,10,16,0,-0.09999028034508228,44,2009-05-10 16:00:00
2009,5,10,16,1,0.37758345078592276,77,2009-05-10 16:00:00
2009,5,10,17,1,0.44504464364477564,7,2009-05-10 17:00:00
2009,5,10,17,0,-0.16471875220304355,8,2009-05-10 17:00:00
2009,5,11,1,0,-0.12877370103855024,33,2009-05-11 01:00:00
2009,5,11,1,1,0.39736823959364775,63,2009-05-11 01:00:00
2009,5,11,2,0,-0.09673892257602087,63,2009-05-11 02:00:00
2009,5,11,2,1,0.37098974889158853,64,2009-05-11 02:00:00
2009,5,11,3,1,0.3238241666546938,55,2009-05-11 03:00:00
2009,5,11,3,0,-0.12013298507349995,65,2009-05-11 03:00:00
2009,5,11,4,0,-0.09657216620752992,23,2009-05-11 04:00:00
2009,5,11,4,1,0.3484044381035253,39,2009-05-11 04:00:00
2009,5,12,4,1,0.34454581853807775,37,2009-05-12 04:00:00
2009,5,12,4,0,-0.11723363062959503,22,2009-05-12 04:00:00
2009,5,12,5,1,0.4109545188483276,58,2009-05-12 05:00:00
2009,5,12,5,0,-0.12775400816969087,46,2009-05-12 05:00:00
2009,5,12,6,1,0.36378211204471345,54,2009-05-12 06:00:00
2009,5,12,6,0,-0.12385491302191484,41,2009-05-12 06:00:00
2009,5,14,3,0,-0.18388610888117304,18,2009-05-14 03:00:00
2009,5,14,3,1,0.31963637597737427,23,2009-05-14 03:00:00
2009,5,14,4,1,0.4636833655065857,20,2009-05-14 04:00:00
2009,5,14,4,0,-0.12526817613148264,28,2009-05-14 04:00:00
2009,5,14,5,1,0.3811800996322305,31,2009-05-14 05:00:00
2009,5,14,5,0,-0.10371344036569721,19,2009-05-14 05:00:00
2009,5,14,6,0,-0.10724276957961802,52,2009-05-14 06:00:00
2009,5,14,6,1,0.35280710409084953,60,2009-05-14 06:00:00
2009,5,14,7,0,-0.13535216823220253,42,2009-05-14 07:00:00
2009,5,14,7,1,0.36191721047119546,78,2009-05-14 07:00:00
2009,5,14,8,0,-0.13395535708072462,42,2009-05-14 08:00:00
2009,5,14,8,1,0.3281059473839091,73,2009-05-14 08:00:00
2009,5,14,9,0,-0.13395425296515565,55,2009-05-14 09:00:00
2009,5,14,9,1,0.3677569761373369,70,2009-05-14 09:00:00
2009,5,14,10,0,-0.07762013019845736,55,2009-05-14 10:00:00
2009,5,14,10,1,0.2965574184411459,77,2009-05-14 10:00:00
2009,5,14,11,1,0.41282795329046035,70,2009-05-14 11:00:00
2009,5,14,11,0,-0.12680756257773906,51,2009-05-14 11:00:00
2009,5,14,12,1,0.32757442838514267,61,2009-05-14 12:00:00
2009,5,14,12,0,-0.12761440997436532,34,2009-05-14 12:00:00
2009,5,14,13,1,0.33756551679566893,76,2009-05-14 13:00:00
2009,5,14,13,0,-0.12297289475958917,61,2009-05-14 13:00:00
2009,5,14,14,1,0.3529757269538709,77,2009-05-14 14:00:00
2009,5,14,14,0,-0.11090256049785585,63,2009-05-14 14:00:00
2009,5,14,15,0,-0.13559900052845478,25,2009-05-14 15:00:00
2009,5,14,15,1,0.33660243976628407,40,2009-05-14 15:00:00
2009,5,14,16,1,0.4519208337490757,6,2009-05-14 16:00:00
2009,5,14,16,0,-0.014062500558793545,4,2009-05-14 16:00:00
2009,5,14,17,0,-0.14806666783988476,9,2009-05-14 17:00:00
2009,5,14,17,1,0.33212192917043076,28,2009-05-14 17:00:00
2009,5,17,2,0,-0.10320904751618704,45,2009-05-17 02:00:00
2009,5,17,2,1,0.35936932314775494,38,2009-05-17 02:00:00
2009,5,17,3,1,0.36907334478820625,59,2009-05-17 03:00:00
2009,5,17,3,0,-0.1323149681198769,65,2009-05-17 03:00:00
2009,5,17,4,0,-0.1254965329717379,48,2009-05-17 04:00:00
2009,5,17,4,1,0.38713376214478296,56,2009-05-17 04:00:00
2009,5,17,5,1,0.3228784169831842,74,2009-05-17 05:00:00
2009,5,17,5,0,-0.1324589129537344,50,2009-05-17 05:00:00
2009,5,17,6,0,-0.10565025749284837,59,2009-05-17 06:00:00
2009,5,17,6,1,0.3871523665877271,79,2009-05-17 06:00:00
2009,5,17,7,0,-0.1387516667911162,45,2009-05-17 07:00:00
2009,5,17,7,1,0.37456296085029084,69,2009-05-17 07:00:00
2009,5,17,8,1,0.3836232057563367,69,2009-05-17 08:00:00
2009,5,17,8,0,-0.09684289382874138,45,2009-05-17 08:00:00
2009,5,17,9,1,0.35449628386762927,75,2009-05-17 09:00:00
2009,5,17,9,0,-0.11220134707114308,61,2009-05-17 09:00:00
2009,5,17,10,1,0.35055082519677705,67,2009-05-17 10:00:00
2009,5,17,10,0,-0.12801455575972795,60,2009-05-17 10:00:00
2009,5,17,11,0,-0.10444921353735241,53,2009-05-17 11:00:00
2009,5,17,11,1,0.3487617228369134,69,2009-05-17 11:00:00
2009,5,17,12,1,0.32237908179121844,77,2009-05-17 12:00:00
2009,5,17,12,0,-0.1148608107061591,50,2009-05-17 12:00:00
2009,5,17,13,1,0.3110863770830053,76,2009-05-17 13:00:00
2009,5,17,13,0,-0.08810434223828363,51,2009-05-17 13:00:00
2009,5,17,14,1,0.3030116201420738,66,2009-05-17 14:00:00
2009,5,17,14,0,-0.09416893588994364,56,2009-05-17 14:00:00
2009,5,17,15,1,0.31913599373757956,63,2009-05-17 15:00:00
2009,5,17,15,0,-0.12122050489568592,38,2009-05-17 15:00:00
2009,5,17,16,1,0.3361041833812028,38,2009-05-17 16:00:00
2009,5,17,16,0,-0.07525869156233966,30,2009-05-17 16:00:00
2009,5,17,17,1,0.3959205959495607,176,2009-05-17 17:00:00
2009,5,17,17,0,-0.10047550687886542,144,2009-05-17 17:00:00
2009,5,17,18,0,-0.11481481357574617,180,2009-05-17 18:00:00
2009,5,17,18,1,0.3698398823984853,307,2009-05-17 18:00:00
2009,5,17,19,1,0.3966571442516787,14,2009-05-17 19:00:00
2009,5,17,19,0,-0.1911833330988884,15,2009-05-17 19:00:00
2009,5,18,0,1,0.2569547329746586,14,2009-05-18 00:00:00
2009,5,18,0,0,-0.040379168931394815,7,2009-05-18 00:00:00
2009,5,18,1,1,0.38348668625602794,38,2009-05-18 01:00:00
2009,5,18,1,0,-0.03632734410348348,16,2009-05-18 01:00:00
2009,5,18,2,0,-0.12202499806880951,1,2009-05-18 02:00:00
2009,5,18,2,1,0.3953479171420137,6,2009-05-18 02:00:00
2009,5,18,3,1,0.33973148511722684,17,2009-05-18 03:00:00
2009,5,18,3,0,-0.053710713649966886,7,2009-05-18 03:00:00
2009,5,18,4,0,-0.11325456606490271,35,2009-05-18 04:00:00
2009,5,18,4,1,0.32999871724664614,54,2009-05-18 04:00:00
2009,5,18,5,0,-0.07831528716321502,42,2009-05-18 05:00:00
2009,5,18,5,1,0.398503024729767,49,2009-05-18 05:00:00
2009,5,18,6,1,0.35826080086497736,143,2009-05-18 06:00:00
2009,5,18,6,0,-0.08544246245812821,95,2009-05-18 06:00:00
2009,5,18,7,0,-0.10996578253914711,111,2009-05-18 07:00:00
2009,5,18,7,1,0.385670726298163,141,2009-05-18 07:00:00
2009,5,18,8,1,0.38619608522574894,156,2009-05-18 08:00:00
2009,5,18,8,0,-0.111566562166055,112,2009-05-18 08:00:00
2009,5,18,9,0,-0.10939013159906968,121,2009-05-18 09:00:00
2009,5,18,9,1,0.32484546723717356,160,2009-05-18 09:00:00
2009,5,18,10,0,-0.08327230256170444,109,2009-05-18 10:00:00
2009,5,18,10,1,0.32545710454262744,153,2009-05-18 10:00:00
2009,5,18,11,1,0.36946318457028776,176,2009-05-18 11:00:00
2009,5,18,11,0,-0.12357208407411235,128,2009-05-18 11:00:00
2009,5,18,12,1,0.36089322109718075,174,2009-05-18 12:00:00
2009,5,18,12,0,-0.13240297781661725,130,2009-05-18 12:00:00
2009,5,18,13,0,-0.12098430033808402,119,2009-05-18 13:00:00
2009,5,18,13,1,0.3472217570427089,173,2009-05-18 13:00:00
2009,5,18,14,1,0.3600299223880767,159,2009-05-18 14:00:00
2009,5,18,14,0,-0.11936363433014159,118,2009-05-18 14:00:00
2009,5,18,15,0,-0.14749592721636873,16,2009-05-18 15:00:00
2009,5,18,15,1,0.34495214581489564,25,2009-05-18 15:00:00
2009,5,22,6,0,-0.13520410492473953,79,2009-05-22 06:00:00
2009,5,22,6,1,0.3727275969222097,82,2009-05-22 06:00:00
2009,5,22,7,1,0.37125396009463796,171,2009-05-22 07:00:00
2009,5,22,7,0,-0.10476431452976116,88,2009-05-22 07:00:00
2009,5,22,8,0,-0.06767759233403052,113,2009-05-22 08:00:00
2009,5,22,8,1,0.37651145196612346,161,2009-05-22 08:00:00
2009,5,22,9,1,0.34240946816263973,141,2009-05-22 09:00:00
2009,5,22,9,0,-0.12773891126088213,89,2009-05-22 09:00:00
2009,5,22,10,1,0.3649327029131602,172,2009-05-22 10:00:00
2009,5,22,10,0,-0.1214675384448388,112,2009-05-22 10:00:00
2009,5,22,11,1,0.3274818433318019,139,2009-05-22 11:00:00
2009,5,22,11,0,-0.1061253885608502,111,2009-05-22 11:00:00
2009,5,22,12,0,-0.11768682051069018,110,2009-05-22 12:00:00
2009,5,22,12,1,0.35389080146802393,166,2009-05-22 12:00:00
2009,5,22,13,1,0.379059393891914,170,2009-05-22 13:00:00
2009,5,22,13,0,-0.10311534664006498,115,2009-05-22 13:00:00
2009,5,22,14,1,0.3412261006196786,160,2009-05-22 14:00:00
2009,5,22,14,0,-0.14128658757936366,119,2009-05-22 14:00:00
2009,5,22,15,0,-0.11000762285815703,111,2009-05-22 15:00:00
2009,5,22,15,1,0.3569708604942646,145,2009-05-22 15:00:00
2009,5,24,1,1,0.3727437499910593,2,2009-05-24 01:00:00
2009,5,24,1,0,-0.19263906637206674,4,2009-05-24 01:00:00
2009,5,25,17,0,-0.1043215914290737,11,2009-05-25 17:00:00
2009,5,25,17,1,0.24455100730327622,7,2009-05-25 17:00:00
2009,5,27,4,0,-0.12398482065094318,106,2009-05-27 04:00:00
2009,5,27,4,1,0.3827627502347562,170,2009-05-27 04:00:00
2009,5,27,5,1,0.34286247220022853,181,2009-05-27 05:00:00
2009,5,27,5,0,-0.11565843740054198,134,2009-05-27 05:00:00
2009,5,27,6,1,0.3314266922485937,48,2009-05-27 06:00:00
2009,5,27,6,0,-0.15322005744699552,46,2009-05-27 06:00:00
2009,5,27,14,0,-0.12919402797706425,30,2009-05-27 14:00:00
2009,5,27,14,1,0.26922364712789143,29,2009-05-27 14:00:00
2009,5,29,3,0,-0.1197745753262116,49,2009-05-29 03:00:00
2009,5,29,3,1,0.3427593157750865,75,2009-05-29 03:00:00
2009,5,29,4,1,0.3695060509590656,179,2009-05-29 04:00:00
2009,5,29,4,0,-0.1074882281072484,121,2009-05-29 04:00:00
2009,5,29,5,1,0.34632937664979563,162,2009-05-29 05:00:00
2009,5,29,5,0,-0.11669463080226675,117,2009-05-29 05:00:00
2009,5,29,6,0,-0.10568667741317768,80,2009-05-29 06:00:00
2009,5,29,6,1,0.39625452599646144,171,2009-05-29 06:00:00
2009,5,29,7,1,0.3938652427501178,140,2009-05-29 07:00:00
2009,5,29,7,0,-0.10337343552327227,105,2009-05-29 07:00:00
2009,5,29,8,1,0.337329041557036,93,2009-05-29 08:00:00
2009,5,29,8,0,-0.12739930520183407,48,2009-05-29 08:00:00
2009,5,29,9,1,0.3766245051570561,46,2009-05-29 09:00:00
2009,5,29,9,0,-0.11183551547583193,36,2009-05-29 09:00:00
2009,5,29,14,0,-0.11999816448866006,51,2009-05-29 14:00:00
2009,5,29,14,1,0.38665080723106204,68,2009-05-29 14:00:00
2009,5,29,15,1,0.34736010501538184,84,2009-05-29 15:00:00
2009,5,29,15,0,-0.12292918516609909,71,2009-05-29 15:00:00
2009,5,29,16,1,0.3484891380234378,153,2009-05-29 16:00:00
2009,5,29,16,0,-0.12472816981518497,130,2009-05-29 16:00:00
2009,5,29,17,1,0.3474053653352894,150,2009-05-29 17:00:00
2009,5,29,17,0,-0.1128685379695643,124,2009-05-29 17:00:00
2009,5,29,18,1,0.3624404560644238,159,2009-05-29 18:00:00
2009,5,29,18,0,-0.107000216795533,116,2009-05-29 18:00:00
2009,5,29,19,1,0.34919632056650396,150,2009-05-29 19:00:00
2009,5,29,19,0,-0.117920780966233,120,2009-05-29 19:00:00
2009,5,29,20,1,0.3747465510234779,109,2009-05-29 20:00:00
2009,5,29,20,0,-0.1299521758177594,91,2009-05-29 20:00:00
2009,5,29,21,1,0.36880794545629203,146,2009-05-29 21:00:00
2009,5,29,21,0,-0.1416996849827396,103,2009-05-29 21:00:00
2009,5,29,22,1,0.33599960704005377,119,2009-05-29 22:00:00
2009,5,29,22,0,-0.1330795029193283,93,2009-05-29 22:00:00
2009,5,29,23,0,-0.132525213103851,102,2009-05-29 23:00:00
2009,5,29,23,1,0.36382822965314404,142,2009-05-29 23:00:00
2009,5,30,0,1,0.3382241527795339,148,2009-05-30 00:00:00
2009,5,30,0,0,-0.1271453409103631,123,2009-05-30 00:00:00
2009,5,30,1,0,-0.13069840212225575,110,2009-05-30 01:00:00
2009,5,30,1,1,0.3449414700928101,151,2009-05-30 01:00:00
2009,5,30,2,1,0.36501785573972295,141,2009-05-30 02:00:00
2009,5,30,2,0,-0.11086607674052092,110,2009-05-30 02:00:00
2009,5,30,3,0,-0.10741519193473552,123,2009-05-30 03:00:00
2009,5,30,3,1,0.4015685580363445,178,2009-05-30 03:00:00
2009,5,30,4,0,-0.1302093397311278,95,2009-05-30 04:00:00
2009,5,30,4,1,0.31724330650217,116,2009-05-30 04:00:00
2009,5,30,5,0,-0.11783747809936555,115,2009-05-30 05:00:00
2009,5,30,5,1,0.3836500296041914,159,2009-05-30 05:00:00
2009,5,30,6,0,-0.1546746977016722,95,2009-05-30 06:00:00
2009,5,30,6,1,0.3769918354448136,127,2009-05-30 06:00:00
2009,5,30,7,0,-0.09840015631510012,84,2009-05-30 07:00:00
2009,5,30,7,1,0.3368984996406362,125,2009-05-30 07:00:00
2009,5,30,8,0,-0.09006035663422951,89,2009-05-30 08:00:00
2009,5,30,8,1,0.35490120055756585,153,2009-05-30 08:00:00
2009,5,30,9,1,0.4195939855605003,155,2009-05-30 09:00:00
2009,5,30,9,0,-0.09514442421099607,94,2009-05-30 09:00:00
2009,5,30,10,0,-0.11740619342864812,113,2009-05-30 10:00:00
2009,5,30,10,1,0.3576594786190738,150,2009-05-30 10:00:00
2009,5,30,11,0,-0.10539081091687919,107,2009-05-30 11:00:00
2009,5,30,11,1,0.3602243368544721,151,2009-05-30 11:00:00
2009,5,30,12,1,0.3891946090199429,124,2009-05-30 12:00:00
2009,5,30,12,0,-0.11622344116430457,82,2009-05-30 12:00:00
2009,5,30,13,1,0.36006636990979457,162,2009-05-30 13:00:00
2009,5,30,13,0,-0.11804703328137596,111,2009-05-30 13:00:00
2009,5,30,14,0,-0.1062343167879715,145,2009-05-30 14:00:00
2009,5,30,14,1,0.3899177973603775,170,2009-05-30 14:00:00
2009,5,30,15,1,0.34638942349972923,187,2009-05-30 15:00:00
2009,5,30,15,0,-0.12239549437072128,138,2009-05-30 15:00:00
2009,5,30,16,1,0.3864990155588589,174,2009-05-30 16:00:00
2009,5,30,16,0,-0.12836685131492231,128,2009-05-30 16:00:00
2009,5,30,17,1,0.36663046473944066,151,2009-05-30 17:00:00
2009,5,30,17,0,-0.1284462898698361,112,2009-05-30 17:00:00
2009,5,30,18,1,0.3654689540313224,196,2009-05-30 18:00:00
2009,5,30,18,0,-0.11546853591365866,133,2009-05-30 18:00:00
2009,5,30,19,0,-0.1447327553666377,124,2009-05-30 19:00:00
2009,5,30,19,1,0.33330222375643176,156,2009-05-30 19:00:00
2009,5,30,20,0,-0.11212534960731864,125,2009-05-30 20:00:00
2009,5,30,20,1,0.3672278143004983,159,2009-05-30 20:00:00
2009,5,30,21,0,-0.11354933580873112,137,2009-05-30 21:00:00
2009,5,30,21,1,0.3931577427335264,155,2009-05-30 21:00:00
2009,5,30,22,1,0.35787346815800686,190,2009-05-30 22:00:00
2009,5,30,22,0,-0.1346842651212629,136,2009-05-30 22:00:00
2009,5,30,23,1,0.35804888326613427,190,2009-05-30 23:00:00
2009,5,30,23,0,-0.1415908757177457,142,2009-05-30 23:00:00
2009,5,31,0,1,0.38990823710363737,88,2009-05-31 00:00:00
2009,5,31,0,0,-0.10065672396396456,55,2009-05-31 00:00:00
2009,5,31,1,1,0.34257739011265403,111,2009-05-31 01:00:00
2009,5,31,1,0,-0.1259494399132234,69,2009-05-31 01:00:00
2009,5,31,2,1,0.38311582610664763,161,2009-05-31 02:00:00
2009,5,31,2,0,-0.11758499762389618,117,2009-05-31 02:00:00
2009,5,31,3,0,-0.12148383190826506,129,2009-05-31 03:00:00
2009,5,31,3,1,0.37240463368980903,173,2009-05-31 03:00:00
2009,5,31,4,1,0.35819833873379864,169,2009-05-31 04:00:00
2009,5,31,4,0,-0.10939621006819476,132,2009-05-31 04:00:00
2009,5,31,5,0,-0.11970971147820819,128,2009-05-31 05:00:00
2009,5,31,5,1,0.3477261160550053,178,2009-05-31 05:00:00
2009,5,31,6,0,-0.12362385908485735,111,2009-05-31 06:00:00
2009,5,31,6,1,0.3844749021027781,137,2009-05-31 06:00:00
2009,5,31,7,1,0.37010702678825297,146,2009-05-31 07:00:00
2009,5,31,7,0,-0.10845705857949006,109,2009-05-31 07:00:00
2009,5,31,8,0,-0.09215810994172226,92,2009-05-31 08:00:00
2009,5,31,8,1,0.4020961665886543,168,2009-05-31 08:00:00
2009,5,31,9,0,-0.09895540875638084,93,2009-05-31 09:00:00
2009,5,31,9,1,0.3426041828675179,145,2009-05-31 09:00:00
2009,5,31,10,0,-0.08444063507721102,109,2009-05-31 10:00:00
2009,5,31,10,1,0.3788458203908595,159,2009-05-31 10:00:00
2009,5,31,11,0,-0.11651874594805338,101,2009-05-31 11:00:00
2009,5,31,11,1,0.3983918356592767,150,2009-05-31 11:00:00
2009,5,31,12,0,-0.10414457837195724,98,2009-05-31 12:00:00
2009,5,31,12,1,0.33992510595569964,139,2009-05-31 12:00:00
2009,5,31,13,0,-0.1255536224077865,116,2009-05-31 13:00:00
2009,5,31,13,1,0.36382236618963953,148,2009-05-31 13:00:00
2009,5,31,14,0,-0.0930233182624568,99,2009-05-31 14:00:00
2009,5,31,14,1,0.3587374802875326,141,2009-05-31 14:00:00
2009,5,31,15,1,0.3580297694933579,174,2009-05-31 15:00:00
2009,5,31,15,0,-0.11094476828062586,145,2009-05-31 15:00:00
2009,5,31,16,0,-0.14777163000088994,115,2009-05-31 16:00:00
2009,5,31,16,1,0.34729510253722157,156,2009-05-31 16:00:00
2009,5,31,17,1,0.3657430383269817,197,2009-05-31 17:00:00
2009,5,31,17,0,-0.10358325141218606,173,2009-05-31 17:00:00
2009,5,31,18,1,0.3686775989030215,191,2009-05-31 18:00:00
2009,5,31,18,0,-0.1180551910310302,153,2009-05-31 18:00:00
2009,5,31,19,0,-0.13415399346976065,143,2009-05-31 19:00:00
2009,5,31,19,1,0.36305588928318194,164,2009-05-31 19:00:00
2009,5,31,20,0,-0.11239989198704096,139,2009-05-31 20:00:00
2009,5,31,20,1,0.36866706068040955,181,2009-05-31 20:00:00
2009,5,31,21,0,-0.11424054239621073,113,2009-05-31 21:00:00
2009,5,31,21,1,0.3656236884824156,188,2009-05-31 21:00:00
2009,5,31,22,0,-0.1245025054053436,143,2009-05-31 22:00:00
2009,5,31,22,1,0.3543847133588531,194,2009-05-31 22:00:00
2009,5,31,23,0,-0.10971750826464863,127,2009-05-31 23:00:00
2009,5,31,23,1,0.3282914912292807,178,2009-05-31 23:00:00
2009,6,1,0,0,-0.13311204998753964,135,2009-06-01 00:00:00
2009,6,1,0,1,0.34376163942531085,166,2009-06-01 00:00:00
2009,6,1,1,1,0.3637227611888349,169,2009-06-01 01:00:00
2009,6,1,1,0,-0.11384431589458598,146,2009-06-01 01:00:00
2009,6,1,2,0,-0.1290721714613028,82,2009-06-01 02:00:00
2009,6,1,2,1,0.33846753527028245,117,2009-06-01 02:00:00
2009,6,1,6,1,0.37275742437938064,158,2009-06-01 06:00:00
2009,6,1,6,0,-0.13233012006094214,76,2009-06-01 06:00:00
2009,6,1,7,1,0.35159812341075075,164,2009-06-01 07:00:00
2009,6,1,7,0,-0.1417793992208317,100,2009-06-01 07:00:00
2009,6,1,8,1,0.3705342047653525,151,2009-06-01 08:00:00
2009,6,1,8,0,-0.10239733955919898,96,2009-06-01 08:00:00
2009,6,1,9,0,-0.08715854227417506,104,2009-06-01 09:00:00
2009,6,1,9,1,0.3736086773230151,168,2009-06-01 09:00:00
2009,6,1,10,1,0.3586415954585391,160,2009-06-01 10:00:00
2009,6,1,10,0,-0.11968839015359077,107,2009-06-01 10:00:00
2009,6,1,11,1,0.3933253494237875,199,2009-06-01 11:00:00
2009,6,1,11,0,-0.1463984956082179,134,2009-06-01 11:00:00
2009,6,1,12,1,0.340483167466508,168,2009-06-01 12:00:00
2009,6,1,12,0,-0.12107742046333711,135,2009-06-01 12:00:00
2009,6,1,13,1,0.3613693059139353,168,2009-06-01 13:00:00
2009,6,1,13,0,-0.13536606941187587,139,2009-06-01 13:00:00
2009,6,1,14,0,-0.14169804573400077,127,2009-06-01 14:00:00
2009,6,1,14,1,0.37695073214025815,173,2009-06-01 14:00:00
2009,6,1,15,0,-0.13781056328253743,147,2009-06-01 15:00:00
2009,6,1,15,1,0.3664936946156368,167,2009-06-01 15:00:00
2009,6,1,16,1,0.3397518222041686,148,2009-06-01 16:00:00
2009,6,1,16,0,-0.13115006668626197,140,2009-06-01 16:00:00
2009,6,1,17,0,-0.13420195119913608,124,2009-06-01 17:00:00
2009,6,1,17,1,0.3608926093786706,148,2009-06-01 17:00:00
2009,6,1,18,1,0.3526553065909963,159,2009-06-01 18:00:00
2009,6,1,18,0,-0.15066501663353007,130,2009-06-01 18:00:00
2009,6,1,19,0,-0.12447722455807274,122,2009-06-01 19:00:00
2009,6,1,19,1,0.33753853607953227,153,2009-06-01 19:00:00
2009,6,1,20,1,0.34330697407395666,132,2009-06-01 20:00:00
2009,6,1,20,0,-0.09686543336489571,106,2009-06-01 20:00:00
2009,6,1,21,1,0.3361299564144801,164,2009-06-01 21:00:00
2009,6,1,21,0,-0.12362466325919116,134,2009-06-01 21:00:00
2009,6,1,22,0,-0.1307109621921488,141,2009-06-01 22:00:00
2009,6,1,22,1,0.3533382263753477,194,2009-06-01 22:00:00
2009,6,1,23,1,0.3271478576248255,167,2009-06-01 23:00:00
2009,6,1,23,0,-0.1272377815253924,137,2009-06-01 23:00:00
2009,6,2,0,1,0.357821379620283,148,2009-06-02 00:00:00
2009,6,2,0,0,-0.11604642337853355,140,2009-06-02 00:00:00
2009,6,2,1,0,-0.1276486806507124,123,2009-06-02 01:00:00
2009,6,2,1,1,0.3275572896769134,147,2009-06-02 01:00:00
2009,6,2,2,1,0.3334185135141133,158,2009-06-02 02:00:00
2009,6,2,2,0,-0.11837789219350305,108,2009-06-02 02:00:00
2009,6,2,3,0,-0.1199502226007276,133,2009-06-02 03:00:00
2009,6,2,3,1,0.3537874417670537,176,2009-06-02 03:00:00
2009,6,2,4,1,0.34588265132624657,165,2009-06-02 04:00:00
2009,6,2,4,0,-0.12060037549466841,126,2009-06-02 04:00:00
2009,6,2,5,1,0.36328013602820836,145,2009-06-02 05:00:00
2009,6,2,5,0,-0.1162217031734494,130,2009-06-02 05:00:00
2009,6,2,6,1,0.3579868135681009,132,2009-06-02 06:00:00
2009,6,2,6,0,-0.11401475513191668,132,2009-06-02 06:00:00
2009,6,2,7,1,0.36374086382870036,157,2009-06-02 07:00:00
2009,6,2,7,0,-0.10914556430972658,131,2009-06-02 07:00:00
2009,6,2,8,1,0.3875147866842608,158,2009-06-02 08:00:00
2009,6,2,8,0,-0.10784783809831752,111,2009-06-02 08:00:00
2009,6,2,9,0,-0.12997677967747828,120,2009-06-02 09:00:00
2009,6,2,9,1,0.3546269642367192,136,2009-06-02 09:00:00
2009,6,2,10,0,-0.10287627967490444,103,2009-06-02 10:00:00
2009,6,2,10,1,0.3539089348789401,145,2009-06-02 10:00:00
2009,6,2,11,0,-0.11761089564068243,100,2009-06-02 11:00:00
2009,6,2,11,1,0.36616024149819015,159,2009-06-02 11:00:00
2009,6,2,12,1,0.36643947779466346,186,2009-06-02 12:00:00
2009,6,2,12,0,-0.09694975368593904,110,2009-06-02 12:00:00
2009,6,2,13,0,-0.13267137536653476,89,2009-06-02 13:00:00
2009,6,2,13,1,0.3709230439798533,121,2009-06-02 13:00:00
2009,6,2,14,0,-0.10636563951483191,67,2009-06-02 14:00:00
2009,6,2,14,1,0.3752371005048709,105,2009-06-02 14:00:00
2009,6,2,15,0,-0.1846623590423001,54,2009-06-02 15:00:00
2009,6,2,15,1,0.3898914489365215,58,2009-06-02 15:00:00
2009,6,2,16,0,-0.16348689258432922,39,2009-06-02 16:00:00
2009,6,2,16,1,0.3350194435607752,51,2009-06-02 16:00:00
2009,6,2,17,0,-0.10240209858434704,39,2009-06-02 17:00:00
2009,6,2,17,1,0.3105917557887733,50,2009-06-02 17:00:00
2009,6,2,18,0,-0.09361665170272869,66,2009-06-02 18:00:00
2009,6,2,18,1,0.36336115407334135,55,2009-06-02 18:00:00
2009,6,2,19,0,-0.1366840724168079,35,2009-06-02 19:00:00
2009,6,2,19,1,0.3450242711299258,41,2009-06-02 19:00:00
2009,6,2,20,0,-0.15338209927147037,43,2009-06-02 20:00:00
2009,6,2,20,1,0.39933659020006534,46,2009-06-02 20:00:00
2009,6,2,21,1,0.3343207273166627,35,2009-06-02 21:00:00
2009,6,2,21,0,-0.12274916790580997,30,2009-06-02 21:00:00
2009,6,2,22,0,-0.13632533790078014,30,2009-06-02 22:00:00
2009,6,2,22,1,0.3219463448705418,21,2009-06-02 22:00:00
2009,6,2,23,0,-0.1885570362421938,33,2009-06-02 23:00:00
2009,6,2,23,1,0.39932209034789895,48,2009-06-02 23:00:00
2009,6,3,0,1,0.29428236095959115,36,2009-06-03 00:00:00
2009,6,3,0,0,-0.08549762198603467,38,2009-06-03 00:00:00
2009,6,3,1,1,0.3451175467944854,62,2009-06-03 01:00:00
2009,6,3,1,0,-0.12664157001094686,45,2009-06-03 01:00:00
2009,6,3,2,0,-0.11070417737553143,53,2009-06-03 02:00:00
2009,6,3,2,1,0.39441517057518166,60,2009-06-03 02:00:00
2009,6,3,3,0,-0.15789207377103873,52,2009-06-03 03:00:00
2009,6,3,3,1,0.38168256574897985,84,2009-06-03 03:00:00
2009,6,3,4,0,-0.13507946540460367,94,2009-06-03 04:00:00
2009,6,3,4,1,0.36270105140427783,101,2009-06-03 04:00:00
2009,6,3,5,0,-0.08340478564154498,92,2009-06-03 05:00:00
2009,6,3,5,1,0.3605966747320276,147,2009-06-03 05:00:00
2009,6,3,6,0,-0.14209423598769153,116,2009-06-03 06:00:00
2009,6,3,6,1,0.3662263451025207,141,2009-06-03 06:00:00
2009,6,3,7,1,0.36444731152124715,134,2009-06-03 07:00:00
2009,6,3,7,0,-0.12081716387357531,117,2009-06-03 07:00:00
2009,6,3,8,0,-0.12524911865153468,103,2009-06-03 08:00:00
2009,6,3,8,1,0.3750221765966312,172,2009-06-03 08:00:00
2009,6,3,9,1,0.3989164750743195,151,2009-06-03 09:00:00
2009,6,3,9,0,-0.13836439670589956,115,2009-06-03 09:00:00
2009,6,3,10,0,-0.1072247929827329,149,2009-06-03 10:00:00
2009,6,3,10,1,0.37285571611699136,174,2009-06-03 10:00:00
2009,6,3,11,1,0.359753183750967,149,2009-06-03 11:00:00
2009,6,3,11,0,-0.13829954578439987,138,2009-06-03 11:00:00
2009,6,3,12,0,-0.14322670526057482,125,2009-06-03 12:00:00
2009,6,3,12,1,0.37208474607006864,149,2009-06-03 12:00:00
2009,6,3,13,1,0.361170581414057,147,2009-06-03 13:00:00
2009,6,3,13,0,-0.11695295199086624,105,2009-06-03 13:00:00
2009,6,3,14,1,0.38370316348895855,121,2009-06-03 14:00:00
2009,6,3,14,0,-0.12213832230431053,109,2009-06-03 14:00:00
2009,6,3,15,1,0.37007474189097894,96,2009-06-03 15:00:00
2009,6,3,15,0,-0.12247066418362308,67,2009-06-03 15:00:00
2009,6,3,16,0,-0.09849561899279555,75,2009-06-03 16:00:00
2009,6,3,16,1,0.40200026676561057,89,2009-06-03 16:00:00
2009,6,3,17,0,-0.11957429788941354,57,2009-06-03 17:00:00
2009,6,3,17,1,0.2651134693063796,60,2009-06-03 17:00:00
2009,6,4,15,1,0.2842013270969296,18,2009-06-04 15:00:00
2009,6,4,15,0,-0.21387109346687794,16,2009-06-04 15:00:00
2009,6,4,16,1,0.30131161392130185,33,2009-06-04 16:00:00
2009,6,4,16,0,-0.1446258424721817,47,2009-06-04 16:00:00
2009,6,4,17,1,0.3574822213569725,27,2009-06-04 17:00:00
2009,6,4,17,0,-0.12128254398703575,29,2009-06-04 17:00:00
2009,6,4,18,1,0.3496099798737661,23,2009-06-04 18:00:00
2009,6,4,18,0,-0.10383852022433919,28,2009-06-04 18:00:00
2009,6,4,19,0,-0.1615360256705788,21,2009-06-04 19:00:00
2009,6,4,19,1,0.31436818702654407,11,2009-06-04 19:00:00
2009,6,4,20,1,0.2694595236486445,15,2009-06-04 20:00:00
2009,6,4,20,0,-0.1762615527647237,12,2009-06-04 20:00:00
2009,6,5,5,0,-0.09750837324148355,60,2009-06-05 05:00:00
2009,6,5,5,1,0.3886418212697698,65,2009-06-05 05:00:00
2009,6,5,6,0,-0.06153776147402823,34,2009-06-05 06:00:00
2009,6,5,6,1,0.32039424705390745,39,2009-06-05 06:00:00
2009,6,5,15,0,-0.1258748650321767,62,2009-06-05 15:00:00
2009,6,5,15,1,0.4190557022932796,77,2009-06-05 15:00:00
2009,6,5,16,1,0.337271913023696,168,2009-06-05 16:00:00
2009,6,5,16,0,-0.10946321657959472,111,2009-06-05 16:00:00
2009,6,5,17,0,-0.10675397852796491,111,2009-06-05 17:00:00
2009,6,5,17,1,0.36188702213006435,110,2009-06-05 17:00:00
2009,6,5,18,0,-0.1083055188302213,71,2009-06-05 18:00:00
2009,6,5,18,1,0.35118836829216654,109,2009-06-05 18:00:00
2009,6,5,19,1,0.35489264528067516,140,2009-06-05 19:00:00
2009,6,5,19,0,-0.12656373834903992,102,2009-06-05 19:00:00
2009,6,5,20,1,0.3345623360376457,99,2009-06-05 20:00:00
2009,6,5,20,0,-0.13562056484054133,87,2009-06-05 20:00:00
2009,6,5,21,0,-0.12916027916967868,125,2009-06-05 21:00:00
2009,6,5,21,1,0.34473552143259095,169,2009-06-05 21:00:00
2009,6,5,22,0,-0.12738983631047798,108,2009-06-05 22:00:00
2009,6,5,22,1,0.3546396035965281,126,2009-06-05 22:00:00
2009,6,5,23,0,-0.08445312334070644,121,2009-06-05 23:00:00
2009,6,5,23,1,0.3900901875824004,141,2009-06-05 23:00:00
2009,6,6,0,1,0.38061230674293256,128,2009-06-06 00:00:00
2009,6,6,0,0,-0.12335427437973176,145,2009-06-06 00:00:00
2009,6,6,1,0,-0.13780293830873913,127,2009-06-06 01:00:00
2009,6,6,1,1,0.3472951753551282,158,2009-06-06 01:00:00
2009,6,6,2,0,-0.12871722557320026,120,2009-06-06 02:00:00
2009,6,6,2,1,0.3446922446804469,166,2009-06-06 02:00:00
2009,6,6,3,1,0.2576899973675609,5,2009-06-06 03:00:00
2009,6,6,3,0,-0.16993851866573095,7,2009-06-06 03:00:00
2009,6,6,4,0,-0.0948184136597609,99,2009-06-06 04:00:00
2009,6,6,4,1,0.4101485269687449,135,2009-06-06 04:00:00
2009,6,6,5,0,-0.12297483272149962,113,2009-06-06 05:00:00
2009,6,6,5,1,0.36742528670304325,177,2009-06-06 05:00:00
2009,6,6,6,0,-0.1357796014740299,117,2009-06-06 06:00:00
2009,6,6,6,1,0.34389293465231147,175,2009-06-06 06:00:00
2009,6,6,7,0,-0.08417829880530699,117,2009-06-06 07:00:00
2009,6,6,7,1,0.36604814881172315,130,2009-06-06 07:00:00
2009,6,6,8,0,-0.11322043231301114,107,2009-06-06 08:00:00
2009,6,6,8,1,0.39409454658449206,158,2009-06-06 08:00:00
2009,6,6,9,0,-0.12404543367263518,95,2009-06-06 09:00:00
2009,6,6,9,1,0.3757997215124628,155,2009-06-06 09:00:00
2009,6,6,10,1,0.39294139945218665,158,2009-06-06 10:00:00
2009,6,6,10,0,-0.1320783376991612,85,2009-06-06 10:00:00
2009,6,6,11,0,-0.11488384613424868,102,2009-06-06 11:00:00
2009,6,6,11,1,0.37807050764949734,158,2009-06-06 11:00:00
2009,6,6,12,1,0.35187610966209887,165,2009-06-06 12:00:00
2009,6,6,12,0,-0.12823494260697366,144,2009-06-06 12:00:00
2009,6,6,13,0,-0.10037023672708668,130,2009-06-06 13:00:00
2009,6,6,13,1,0.38521781339234595,185,2009-06-06 13:00:00
2009,6,6,14,0,-0.12091742565855385,125,2009-06-06 14:00:00
2009,6,6,14,1,0.3278252377633225,161,2009-06-06 14:00:00
2009,6,6,15,0,-0.12404697449205236,144,2009-06-06 15:00:00
2009,6,6,15,1,0.38237540035301615,180,2009-06-06 15:00:00
2009,6,6,16,0,-0.09297930626256495,161,2009-06-06 16:00:00
2009,6,6,16,1,0.33531388915531957,180,2009-06-06 16:00:00
2009,6,6,17,1,0.36007601942294576,109,2009-06-06 17:00:00
2009,6,6,17,0,-0.11064029378214418,99,2009-06-06 17:00:00
2009,6,6,18,1,0.3343024113193482,185,2009-06-06 18:00:00
2009,6,6,18,0,-0.11988671114971249,146,2009-06-06 18:00:00
2009,6,6,19,0,-0.12554877115939947,115,2009-06-06 19:00:00
2009,6,6,19,1,0.3313279473135481,180,2009-06-06 19:00:00
2009,6,6,20,0,-0.11760649451076291,129,2009-06-06 20:00:00
2009,6,6,20,1,0.32205245635810903,165,2009-06-06 20:00:00
2009,6,6,21,1,0.3538116254033257,159,2009-06-06 21:00:00
2009,6,6,21,0,-0.11717880600486445,113,2009-06-06 21:00:00
2009,6,6,22,0,-0.11907157288173355,138,2009-06-06 22:00:00
2009,6,6,22,1,0.356677589203083,162,2009-06-06 22:00:00
2009,6,6,23,0,-0.11963860740851542,149,2009-06-06 23:00:00
2009,6,6,23,1,0.34546831595448396,162,2009-06-06 23:00:00
2009,6,7,0,0,-0.1312664255562525,156,2009-06-07 00:00:00
2009,6,7,0,1,0.30415062228067574,176,2009-06-07 00:00:00
2009,6,7,1,1,0.37114180831466453,186,2009-06-07 01:00:00
2009,6,7,1,0,-0.11253570013230897,137,2009-06-07 01:00:00
2009,6,7,2,0,-0.1278206522160742,140,2009-06-07 02:00:00
2009,6,7,2,1,0.3770965969953594,152,2009-06-07 02:00:00
2009,6,7,3,0,-0.12717965876590764,153,2009-06-07 03:00:00
2009,6,7,3,1,0.3453296652636404,161,2009-06-07 03:00:00
2009,6,7,4,1,0.36841256708903297,157,2009-06-07 04:00:00
2009,6,7,4,0,-0.12744359127895602,129,2009-06-07 04:00:00
2009,6,7,5,1,0.3822066108213969,169,2009-06-07 05:00:00
2009,6,7,5,0,-0.11934637511518621,126,2009-06-07 05:00:00
2009,6,7,6,0,-0.11861280682440396,124,2009-06-07 06:00:00
2009,6,7,6,1,0.42094215355649106,148,2009-06-07 06:00:00
2009,6,7,7,1,0.3747499418196579,150,2009-06-07 07:00:00
2009,6,7,7,0,-0.1390776616154295,99,2009-06-07 07:00:00
2009,6,7,8,0,-0.10755748406671428,114,2009-06-07 08:00:00
2009,6,7,8,1,0.3747387298153134,148,2009-06-07 08:00:00
2009,6,7,9,0,-0.11408533938343421,112,2009-06-07 09:00:00
2009,6,7,9,1,0.38453102608869455,173,2009-06-07 09:00:00
2009,6,7,10,1,0.339041678795845,132,2009-06-07 10:00:00
2009,6,7,10,0,-0.12794555582921022,100,2009-06-07 10:00:00
2009,6,7,11,0,-0.09653609270356935,121,2009-06-07 11:00:00
2009,6,7,11,1,0.3952373847543941,133,2009-06-07 11:00:00
2009,6,7,12,1,0.37660968052462324,151,2009-06-07 12:00:00
2009,6,7,12,0,-0.06806273863345402,109,2009-06-07 12:00:00
2009,6,7,13,0,-0.09179946081331153,122,2009-06-07 13:00:00
2009,6,7,13,1,0.3481274107604295,177,2009-06-07 13:00:00
2009,6,7,14,0,-0.10273135467083985,147,2009-06-07 14:00:00
2009,6,7,14,1,0.3342989295575703,173,2009-06-07 14:00:00
2009,6,7,15,0,-0.0811536939216465,137,2009-06-07 15:00:00
2009,6,7,15,1,0.35623127976551844,195,2009-06-07 15:00:00
2009,6,7,16,0,-0.10937173434840787,137,2009-06-07 16:00:00
2009,6,7,16,1,0.3462192670078287,183,2009-06-07 16:00:00
2009,6,7,17,1,0.3515717967824649,152,2009-06-07 17:00:00
2009,6,7,17,0,-0.09429003191513143,140,2009-06-07 17:00:00
2009,6,7,18,0,-0.1214109302872396,127,2009-06-07 18:00:00
2009,6,7,18,1,0.3657889056972131,202,2009-06-07 18:00:00
2009,6,7,19,1,0.3715857142249369,181,2009-06-07 19:00:00
2009,6,7,19,0,-0.12823060905991668,147,2009-06-07 19:00:00
2009,6,7,20,0,-0.1215239973505959,120,2009-06-07 20:00:00
2009,6,7,20,1,0.36168866224671153,177,2009-06-07 20:00:00
2009,6,7,21,0,-0.1150180430657481,130,2009-06-07 21:00:00
2009,6,7,21,1,0.36171582313324074,184,2009-06-07 21:00:00
2009,6,7,22,0,-0.13645538476108848,142,2009-06-07 22:00:00
2009,6,7,22,1,0.36053807283035266,182,2009-06-07 22:00:00
2009,6,7,23,1,0.34269559864362237,150,2009-06-07 23:00:00
2009,6,7,23,0,-0.11433690119274827,129,2009-06-07 23:00:00
2009,6,8,0,0,-0.11140321628724942,122,2009-06-08 00:00:00
2009,6,8,0,1,0.37238148325322984,160,2009-06-08 00:00:00
2009,6,8,1,1,0.3598138675198256,138,2009-06-08 01:00:00
2009,6,8,1,0,-0.1208111311087475,124,2009-06-08 01:00:00
2009,6,8,2,1,0.3801470962704903,134,2009-06-08 02:00:00
2009,6,8,2,0,-0.09953126059243929,122,2009-06-08 02:00:00
2009,6,8,3,1,0.34828134778526626,146,2009-06-08 03:00:00
2009,6,8,3,0,-0.12071874192461358,146,2009-06-08 03:00:00
2009,6,8,4,1,0.40473661899206137,31,2009-06-08 04:00:00
2009,6,8,4,0,-0.08191866943591529,22,2009-06-08 04:00:00
2009,6,14,21,0,-0.14863437344320118,12,2009-06-14 21:00:00
2009,6,14,21,1,0.36230192340623874,13,2009-06-14 21:00:00
2009,6,15,5,1,0.36645080750181436,107,2009-06-15 05:00:00
2009,6,15,5,0,-0.119913893795627,85,2009-06-15 05:00:00
2009,6,15,6,0,-0.1197000818955712,125,2009-06-15 06:00:00
2009,6,15,6,1,0.3800314965345685,165,2009-06-15 06:00:00
2009,6,15,7,0,-0.0964974524507365,127,2009-06-15 07:00:00
2009,6,15,7,1,0.360174784463154,168,2009-06-15 07:00:00
2009,6,15,8,0,-0.0899299368369005,120,2009-06-15 08:00:00
2009,6,15,8,1,0.3720740193338257,188,2009-06-15 08:00:00
2009,6,15,9,0,-0.13123905738856353,103,2009-06-15 09:00:00
2009,6,15,9,1,0.3121984575076827,133,2009-06-15 09:00:00
2009,6,15,10,1,0.32831267188136865,175,2009-06-15 10:00:00
2009,6,15,10,0,-0.12585836285585242,158,2009-06-15 10:00:00
2009,6,15,11,0,-0.12456305914149139,124,2009-06-15 11:00:00
2009,6,15,11,1,0.34936929596517813,199,2009-06-15 11:00:00
2009,6,15,12,1,0.3780885298416768,169,2009-06-15 12:00:00
2009,6,15,12,0,-0.12930718778219347,151,2009-06-15 12:00:00
2009,6,15,13,1,0.3532005039341846,189,2009-06-15 13:00:00
2009,6,15,13,0,-0.10685982997367521,144,2009-06-15 13:00:00
2009,6,15,14,0,-0.13982041418880653,122,2009-06-15 14:00:00
2009,6,15,14,1,0.341927532124548,156,2009-06-15 14:00:00
2009,6,15,15,0,-0.140802295370489,114,2009-06-15 15:00:00
2009,6,15,15,1,0.3605222822825985,171,2009-06-15 15:00:00
2009,6,15,16,0,-0.1130399056750446,116,2009-06-15 16:00:00
2009,6,15,16,1,0.37600484824267766,156,2009-06-15 16:00:00
2009,6,15,17,1,0.3287239009620283,143,2009-06-15 17:00:00
2009,6,15,17,0,-0.1245756400463155,114,2009-06-15 17:00:00
2009,6,15,18,1,0.33352719188082525,144,2009-06-15 18:00:00
2009,6,15,18,0,-0.11399405760775236,121,2009-06-15 18:00:00
2009,6,15,19,0,-0.14628216279587442,112,2009-06-15 19:00:00
2009,6,15,19,1,0.34297583503983775,132,2009-06-15 19:00:00
2009,6,15,20,0,-0.13110305257353255,110,2009-06-15 20:00:00
2009,6,15,20,1,0.34425170591928,145,2009-06-15 20:00:00
2009,6,15,21,1,0.37720075777183953,143,2009-06-15 21:00:00
2009,6,15,21,0,-0.11565194110210875,101,2009-06-15 21:00:00
2009,6,15,22,0,-0.13103726250648667,132,2009-06-15 22:00:00
2009,6,15,22,1,0.35645443078708544,145,2009-06-15 22:00:00
2009,6,15,23,0,-0.12065395868253397,129,2009-06-15 23:00:00
2009,6,15,23,1,0.32499133669430524,164,2009-06-15 23:00:00
2009,6,16,0,1,0.36205166681290807,177,2009-06-16 00:00:00
2009,6,16,0,0,-0.12371724753956957,131,2009-06-16 00:00:00
2009,6,16,1,0,-0.13634430595410577,131,2009-06-16 01:00:00
2009,6,16,1,1,0.36269218059296693,160,2009-06-16 01:00:00
2009,6,16,2,1,0.36514585208063405,197,2009-06-16 02:00:00
2009,6,16,2,0,-0.11162383062765002,154,2009-06-16 02:00:00
2009,6,16,3,0,-0.1241399211994576,128,2009-06-16 03:00:00
2009,6,16,3,1,0.3328144089380083,190,2009-06-16 03:00:00
2009,6,16,4,1,0.3573559919628912,195,2009-06-16 04:00:00
2009,6,16,4,0,-0.14121925761690363,150,2009-06-16 04:00:00
2009,6,16,5,0,-0.10162474548051822,127,2009-06-16 05:00:00
2009,6,16,5,1,0.3423688712969629,162,2009-06-16 05:00:00
2009,6,16,6,0,-0.11832369346229825,120,2009-06-16 06:00:00
2009,6,16,6,1,0.39417209626025784,175,2009-06-16 06:00:00
2009,6,16,7,1,0.35313228157615023,175,2009-06-16 07:00:00
2009,6,16,7,0,-0.13014316192076225,109,2009-06-16 07:00:00
2009,6,16,8,0,-0.09558054948844183,134,2009-06-16 08:00:00
2009,6,16,8,1,0.36898569928257147,179,2009-06-16 08:00:00
2009,6,16,9,1,0.3665324498817261,176,2009-06-16 09:00:00
2009,6,16,9,0,-0.11242519787457936,119,2009-06-16 09:00:00
2009,6,16,10,0,-0.0912895496335945,119,2009-06-16 10:00:00
2009,6,16,10,1,0.36090046391454617,157,2009-06-16 10:00:00
2009,6,16,11,1,0.3485990255640549,179,2009-06-16 11:00:00
2009,6,16,11,0,-0.12845227270688647,122,2009-06-16 11:00:00
2009,6,16,12,0,-0.12127413879453133,130,2009-06-16 12:00:00
2009,6,16,12,1,0.3565421487003857,153,2009-06-16 12:00:00
2009,6,16,13,0,-0.12373099306084138,144,2009-06-16 13:00:00
2009,6,16,13,1,0.3227852970211054,170,2009-06-16 13:00:00
2009,6,16,14,1,0.335147139039607,130,2009-06-16 14:00:00
2009,6,16,14,0,-0.09944813828062739,142,2009-06-16 14:00:00
2009,6,16,15,0,-0.15228660244126027,120,2009-06-16 15:00:00
2009,6,16,15,1,0.34832638801256716,124,2009-06-16 15:00:00
2009,6,16,16,0,-0.1715115078225516,69,2009-06-16 16:00:00
2009,6,16,16,1,0.2174162248770396,45,2009-06-16 16:00:00
2009,6,16,17,0,-0.11500708999422689,60,2009-06-16 17:00:00
2009,6,16,17,1,0.2276740401769833,48,2009-06-16 17:00:00
2009,6,16,18,1,0.2942356873070821,40,2009-06-16 18:00:00
2009,6,16,18,0,-0.1359241851562358,54,2009-06-16 18:00:00
2009,6,16,19,1,0.22013897402212024,38,2009-06-16 19:00:00
2009,6,16,19,0,-0.14684727957555607,67,2009-06-16 19:00:00
2009,6,16,20,0,-0.15660488434319556,71,2009-06-16 20:00:00
2009,6,16,20,1,0.250367930162091,56,2009-06-16 20:00:00
2009,6,16,21,1,0.12194999679923058,1,2009-06-16 21:00:00
2009,6,16,21,0,-0.2590674126986414,4,2009-06-16 21:00:00
2009,6,16,22,1,0.24068014753073738,36,2009-06-16 22:00:00
2009,6,16,22,0,-0.13583768611424601,50,2009-06-16 22:00:00
2009,6,16,23,1,0.1838358670580559,39,2009-06-16 23:00:00
2009,6,16,23,0,-0.14418137938405076,75,2009-06-16 23:00:00
2009,6,17,0,0,-0.15743393916866472,76,2009-06-17 00:00:00
2009,6,17,0,1,0.2490843496246574,54,2009-06-17 00:00:00
2009,6,17,1,0,-0.1662282210221747,80,2009-06-17 01:00:00
2009,6,17,1,1,0.3189229391411775,45,2009-06-17 01:00:00
2009,6,17,2,1,0.2743990432575811,50,2009-06-17 02:00:00
2009,6,17,2,0,-0.17432698741830993,103,2009-06-17 02:00:00
2009,6,17,3,1,0.28277625303155096,59,2009-06-17 03:00:00
2009,6,17,3,0,-0.17604671376627973,72,2009-06-17 03:00:00
2009,6,17,4,1,0.2087779783969745,50,2009-06-17 04:00:00
2009,6,17,4,0,-0.1904044660848255,75,2009-06-17 04:00:00
2009,6,17,5,1,0.26754727571919235,46,2009-06-17 05:00:00
2009,6,17,5,0,-0.15263387323887664,79,2009-06-17 05:00:00
2009,6,17,6,0,-0.16188614432512505,77,2009-06-17 06:00:00
2009,6,17,6,1,0.2568321490349869,39,2009-06-17 06:00:00
2009,6,17,7,0,-0.13893844656002544,68,2009-06-17 07:00:00
2009,6,17,7,1,0.2657842866041594,45,2009-06-17 07:00:00
2009,6,17,8,1,0.2244126932370515,48,2009-06-17 08:00:00
2009,6,17,8,0,-0.17785159856938418,63,2009-06-17 08:00:00
2009,6,17,9,0,-0.12249333763422517,77,2009-06-17 09:00:00
2009,6,17,9,1,0.2873285743015894,49,2009-06-17 09:00:00
2009,6,17,10,1,0.24380692514924981,46,2009-06-17 10:00:00
2009,6,17,10,0,-0.18228481908022642,73,2009-06-17 10:00:00
2009,6,17,11,1,0.2793844116175488,47,2009-06-17 11:00:00
2009,6,17,11,0,-0.15391406903809898,89,2009-06-17 11:00:00
2009,6,17,12,1,0.29723650288328324,45,2009-06-17 12:00:00
2009,6,17,12,0,-0.17216906430606377,71,2009-06-17 12:00:00
2009,6,17,13,0,-0.18284833809669288,77,2009-06-17 13:00:00
2009,6,17,13,1,0.2806428932639466,49,2009-06-17 13:00:00
2009,6,17,14,0,-0.1903218614266064,76,2009-06-17 14:00:00
2009,6,17,14,1,0.2880507671167531,72,2009-06-17 14:00:00
2009,6,17,15,1,0.2803861556911013,54,2009-06-17 15:00:00
2009,6,17,15,0,-0.17687244466918556,79,2009-06-17 15:00:00
2009,6,17,16,1,0.31294773540896725,49,2009-06-17 16:00:00
2009,6,17,16,0,-0.1667382824728164,69,2009-06-17 16:00:00
2009,6,17,17,0,-0.18315160493033805,70,2009-06-17 17:00:00
2009,6,17,17,1,0.2525387380297321,37,2009-06-17 17:00:00
2009,6,17,18,0,-0.12470723785356515,45,2009-06-17 18:00:00
2009,6,17,18,1,0.1717292200482916,28,2009-06-17 18:00:00
2009,6,17,19,1,0.2732635551514343,39,2009-06-17 19:00:00
2009,6,17,19,0,-0.13579430895310546,63,2009-06-17 19:00:00
2009,6,17,20,1,0.2805604057524491,27,2009-06-17 20:00:00
2009,6,17,20,0,-0.17196377295823323,42,2009-06-17 20:00:00
2009,6,17,21,0,-0.16310226424526342,46,2009-06-17 21:00:00
2009,6,17,21,1,0.27077454219285685,26,2009-06-17 21:00:00
2009,6,17,22,1,0.27931682417272696,45,2009-06-17 22:00:00
2009,6,17,22,0,-0.17489147337619215,80,2009-06-17 22:00:00
2009,6,17,23,1,0.2992619385104626,50,2009-06-17 23:00:00
2009,6,17,23,0,-0.1696136005724279,65,2009-06-17 23:00:00
2009,6,18,0,0,-0.1693157878259874,88,2009-06-18 00:00:00
2009,6,18,0,1,0.24806146177713975,52,2009-06-18 00:00:00
2009,6,18,1,0,-0.15239861283705317,77,2009-06-18 01:00:00
2009,6,18,1,1,0.2592544467146085,55,2009-06-18 01:00:00
2009,6,18,2,0,-0.1546660722207769,91,2009-06-18 02:00:00
2009,6,18,2,1,0.3035992909773389,60,2009-06-18 02:00:00
2009,6,18,3,0,-0.1971794414383016,76,2009-06-18 03:00:00
2009,6,18,3,1,0.28456196312050697,59,2009-06-18 03:00:00
2009,6,18,4,1,0.2850837091843479,47,2009-06-18 04:00:00
2009,6,18,4,0,-0.16664883805007288,82,2009-06-18 04:00:00
2009,6,18,5,1,0.28628586773760617,50,2009-06-18 05:00:00
2009,6,18,5,0,-0.1334100618781843,87,2009-06-18 05:00:00
2009,6,18,6,1,0.2830561443552142,48,2009-06-18 06:00:00
2009,6,18,6,0,-0.15629715044554826,74,2009-06-18 06:00:00
2009,6,18,7,1,0.29444464296102524,30,2009-06-18 07:00:00
2009,6,18,7,0,-0.16081282982359763,69,2009-06-18 07:00:00
2009,6,18,9,1,0.26321250200271606,1,2009-06-18 09:00:00
2009,6,18,9,0,0.0,1,2009-06-18 09:00:00
2009,6,18,10,1,0.23719473005760283,21,2009-06-18 10:00:00
2009,6,18,10,0,-0.12007974451407791,35,2009-06-18 10:00:00
2009,6,18,11,1,0.2798464476875961,50,2009-06-18 11:00:00
2009,6,18,11,0,-0.1376471310380663,61,2009-06-18 11:00:00
2009,6,18,12,1,0.22146920263343914,55,2009-06-18 12:00:00
2009,6,18,12,0,-0.15992284398406553,78,2009-06-18 12:00:00
2009,6,18,13,0,-0.18043007751997642,92,2009-06-18 13:00:00
2009,6,18,13,1,0.2682225543164855,45,2009-06-18 13:00:00
2009,6,18,14,1,0.25745658329253923,59,2009-06-18 14:00:00
2009,6,18,14,0,-0.170730739811896,93,2009-06-18 14:00:00
2009,6,18,15,0,-0.14171454422818175,58,2009-06-18 15:00:00
2009,6,18,15,1,0.2502743955515325,50,2009-06-18 15:00:00
2009,6,18,16,0,-0.1853143473043802,79,2009-06-18 16:00:00
2009,6,18,16,1,0.20910191310572004,37,2009-06-18 16:00:00
2009,6,18,17,1,0.23908301750334965,34,2009-06-18 17:00:00
2009,6,18,17,0,-0.15573816331783058,74,2009-06-18 17:00:00
2009,6,18,18,0,-0.13461056544544328,73,2009-06-18 18:00:00
2009,6,18,18,1,0.26918251132917437,43,2009-06-18 18:00:00
2009,6,18,19,1,0.30642001259944995,44,2009-06-18 19:00:00
2009,6,18,19,0,-0.15733338116551748,80,2009-06-18 19:00:00
2009,6,18,20,1,0.2746301598329511,45,2009-06-18 20:00:00
2009,6,18,20,0,-0.1709623433800028,82,2009-06-18 20:00:00
2009,6,18,21,1,0.3264994718400495,28,2009-06-18 21:00:00
2009,6,18,21,0,-0.1691462585170354,63,2009-06-18 21:00:00
2009,6,18,22,1,0.2172403269726783,50,2009-06-18 22:00:00
2009,6,18,22,0,-0.15096803721343952,89,2009-06-18 22:00:00
2009,6,18,23,0,-0.16928524168975212,85,2009-06-18 23:00:00
2009,6,18,23,1,0.28302843763826374,44,2009-06-18 23:00:00
2009,6,19,0,0,-0.16181954586202882,71,2009-06-19 00:00:00
2009,6,19,0,1,0.2732339268286695,53,2009-06-19 00:00:00
2009,6,19,1,1,0.2688669691875426,37,2009-06-19 01:00:00
2009,6,19,1,0,-0.21743712903788456,78,2009-06-19 01:00:00
2009,6,19,2,1,0.27064380925148723,45,2009-06-19 02:00:00
2009,6,19,2,0,-0.1685880238973451,77,2009-06-19 02:00:00
2009,6,19,3,1,0.3068056654907307,49,2009-06-19 03:00:00
2009,6,19,3,0,-0.1866536043982244,67,2009-06-19 03:00:00
2009,6,19,4,1,0.23475807405646062,45,2009-06-19 04:00:00
2009,6,19,4,0,-0.15974079149947057,84,2009-06-19 04:00:00
2009,6,19,5,0,-0.1517910500545658,71,2009-06-19 05:00:00
2009,6,19,5,1,0.2752828173471761,51,2009-06-19 05:00:00
2009,6,19,6,0,-0.2086261940660746,73,2009-06-19 06:00:00
2009,6,19,6,1,0.28317297644474926,51,2009-06-19 06:00:00
2009,6,19,7,0,-0.19023605831442217,51,2009-06-19 07:00:00
2009,6,19,7,1,0.2946060165450035,32,2009-06-19 07:00:00
2009,6,19,8,0,-0.14731463920286872,61,2009-06-19 08:00:00
2009,6,19,8,1,0.3494220412025849,30,2009-06-19 08:00:00
2009,6,19,9,1,0.24719494466695027,37,2009-06-19 09:00:00
2009,6,19,9,0,-0.15532990345465286,63,2009-06-19 09:00:00
2009,6,19,10,1,0.22464561672375832,41,2009-06-19 10:00:00
2009,6,19,10,0,-0.15898980559322282,69,2009-06-19 10:00:00
2009,6,19,11,0,-0.13681144928641356,57,2009-06-19 11:00:00
2009,6,19,11,1,0.21612879139138386,48,2009-06-19 11:00:00
2009,6,19,12,1,0.3002831541400935,49,2009-06-19 12:00:00
2009,6,19,12,0,-0.12666593124809236,68,2009-06-19 12:00:00
2009,6,19,13,1,0.2934192420104443,54,2009-06-19 13:00:00
2009,6,19,13,0,-0.21056416852888268,61,2009-06-19 13:00:00
2009,6,19,14,0,-0.17776348887461801,61,2009-06-19 14:00:00
2009,6,19,14,1,0.27876345763300975,41,2009-06-19 14:00:00
2009,6,19,15,0,-0.13208860938902944,44,2009-06-19 15:00:00
2009,6,19,15,1,0.28407322099762194,48,2009-06-19 15:00:00
2009,6,19,16,1,0.25352227291272533,31,2009-06-19 16:00:00
2009,6,19,16,0,-0.14778763059614997,58,2009-06-19 16:00:00
2009,6,19,17,1,0.28545134734362365,25,2009-06-19 17:00:00
2009,6,19,17,0,-0.1523415747816201,61,2009-06-19 17:00:00
2009,6,19,18,0,-0.1562751079096444,63,2009-06-19 18:00:00
2009,6,19,18,1,0.20112823793758816,42,2009-06-19 18:00:00
2009,6,19,19,1,0.27286290849389677,33,2009-06-19 19:00:00
2009,6,19,19,0,-0.15452978259042627,62,2009-06-19 19:00:00
2009,6,19,20,0,-0.1587411205517128,70,2009-06-19 20:00:00
2009,6,19,20,1,0.27643778776241973,33,2009-06-19 20:00:00
2009,6,19,21,1,0.2755385549389757,44,2009-06-19 21:00:00
2009,6,19,21,0,-0.17766766370429346,84,2009-06-19 21:00:00
2009,6,19,22,0,-0.13047976387135776,81,2009-06-19 22:00:00
2009,6,19,22,1,0.35788552269900253,49,2009-06-19 22:00:00
2009,6,19,23,1,0.2958596684237862,42,2009-06-19 23:00:00
2009,6,19,23,0,-0.16533852827367962,71,2009-06-19 23:00:00
2009,6,20,0,0,-0.1605470587934057,75,2009-06-20 00:00:00
2009,6,20,0,1,0.2680501223076135,52,2009-06-20 00:00:00
2009,6,20,1,0,-0.18382046417643627,75,2009-06-20 01:00:00
2009,6,20,1,1,0.2556726460017548,59,2009-06-20 01:00:00
2009,6,20,2,1,0.3087406583072152,44,2009-06-20 02:00:00
2009,6,20,2,0,-0.1334330991555292,91,2009-06-20 02:00:00
2009,6,20,3,1,0.24982184466041094,42,2009-06-20 03:00:00
2009,6,20,3,0,-0.17021848604639583,82,2009-06-20 03:00:00
2009,6,20,4,0,-0.20216792510647794,100,2009-06-20 04:00:00
2009,6,20,4,1,0.2681894174267135,56,2009-06-20 04:00:00
2009,6,20,5,0,-0.1720280111735888,74,2009-06-20 05:00:00
2009,6,20,5,1,0.2764960180972131,57,2009-06-20 05:00:00
2009,6,20,6,0,-0.18964396574830805,66,2009-06-20 06:00:00
2009,6,20,6,1,0.27029859811361684,38,2009-06-20 06:00:00
2009,6,20,7,0,-0.19097785463867087,60,2009-06-20 07:00:00
2009,6,20,7,1,0.2986831656227627,29,2009-06-20 07:00:00
2009,6,20,8,0,-0.15323383900720408,51,2009-06-20 08:00:00
2009,6,20,8,1,0.2828317372128367,25,2009-06-20 08:00:00
2009,6,20,9,0,-0.17563601299144255,52,2009-06-20 09:00:00
2009,6,20,9,1,0.23864257819128826,34,2009-06-20 09:00:00
2009,6,20,10,1,0.23733686684863642,32,2009-06-20 10:00:00
2009,6,20,10,0,-0.16885311926877045,46,2009-06-20 10:00:00
2009,6,20,11,0,-0.1589874149138602,49,2009-06-20 11:00:00
2009,6,20,11,1,0.2791489521323162,31,2009-06-20 11:00:00
2009,6,20,12,0,-0.18882700560052046,77,2009-06-20 12:00:00
2009,6,20,12,1,0.23576763386823116,31,2009-06-20 12:00:00
2009,6,20,13,0,-0.15923827695021625,72,2009-06-20 13:00:00
2009,6,20,13,1,0.27038392385741017,52,2009-06-20 13:00:00
2009,6,20,14,0,-0.15362024808212393,93,2009-06-20 14:00:00
2009,6,20,14,1,0.2768553490476573,51,2009-06-20 14:00:00
2009,6,20,15,0,-0.13652495243961268,87,2009-06-20 15:00:00
2009,6,20,15,1,0.29658108892883256,57,2009-06-20 15:00:00
2009,6,20,16,0,-0.15675115228521747,77,2009-06-20 16:00:00
2009,6,20,16,1,0.27225146954879165,48,2009-06-20 16:00:00
2009,6,20,17,1,0.2514742434574687,47,2009-06-20 17:00:00
2009,6,20,17,0,-0.16578564672624763,79,2009-06-20 17:00:00
2009,6,20,18,1,0.2871445722754716,68,2009-06-20 18:00:00
2009,6,20,18,0,-0.14148252308627385,54,2009-06-20 18:00:00
2009,6,20,19,0,-0.13255436356083897,78,2009-06-20 19:00:00
2009,6,20,19,1,0.2785035591412059,37,2009-06-20 19:00:00
2009,6,20,20,0,-0.1533581998354445,75,2009-06-20 20:00:00
2009,6,20,20,1,0.28418596652951444,53,2009-06-20 20:00:00
2009,6,20,21,0,-0.1666060157034448,76,2009-06-20 21:00:00
2009,6,20,21,1,0.2753700973622946,46,2009-06-20 21:00:00
2009,6,20,22,0,-0.19004910428242489,83,2009-06-20 22:00:00
2009,6,20,22,1,0.28106172516801586,63,2009-06-20 22:00:00
2009,6,20,23,0,-0.21094670247072606,74,2009-06-20 23:00:00
2009,6,20,23,1,0.2845365032355519,47,2009-06-20 23:00:00
2009,6,21,0,1,0.28806463098534063,52,2009-06-21 00:00:00
2009,6,21,0,0,-0.1386235789436291,72,2009-06-21 00:00:00
2009,6,21,1,1,0.24774653169093652,50,2009-06-21 01:00:00
2009,6,21,1,0,-0.15132157423307047,73,2009-06-21 01:00:00
2009,6,21,2,1,0.3118236980594273,53,2009-06-21 02:00:00
2009,6,21,2,0,-0.19500842222242637,84,2009-06-21 02:00:00
2009,6,21,3,0,-0.16615498062219558,64,2009-06-21 03:00:00
2009,6,21,3,1,0.2850957154482603,50,2009-06-21 03:00:00
2009,6,21,4,0,-0.16337892492124928,79,2009-06-21 04:00:00
2009,6,21,4,1,0.30515830099604846,63,2009-06-21 04:00:00
2009,6,21,5,0,-0.1421327598426225,70,2009-06-21 05:00:00
2009,6,21,5,1,0.2804473445479137,60,2009-06-21 05:00:00
2009,6,21,6,0,-0.14875800686798268,62,2009-06-21 06:00:00
2009,6,21,6,1,0.3168502719423106,43,2009-06-21 06:00:00
2009,6,21,7,1,0.2470325986533204,42,2009-06-21 07:00:00
2009,6,21,7,0,-0.12510764138558164,52,2009-06-21 07:00:00
2009,6,21,8,0,-0.13288593506616242,53,2009-06-21 08:00:00
2009,6,21,8,1,0.2829356769556975,41,2009-06-21 08:00:00
2009,6,21,9,0,-0.1727125716775104,54,2009-06-21 09:00:00
2009,6,21,9,1,0.29827455322430024,42,2009-06-21 09:00:00
2009,6,21,10,0,-0.1774047886499682,37,2009-06-21 10:00:00
2009,6,21,10,1,0.3030696320668634,29,2009-06-21 10:00:00
2009,6,21,11,1,0.3026584915583953,40,2009-06-21 11:00:00
2009,6,21,11,0,-0.14158746782103898,54,2009-06-21 11:00:00
2009,6,21,12,1,0.23823823531218355,31,2009-06-21 12:00:00
2009,6,21,12,0,-0.1624701760150492,75,2009-06-21 12:00:00
2009,6,21,13,0,-0.16509178426951684,58,2009-06-21 13:00:00
2009,6,21,13,1,0.2842587085135704,54,2009-06-21 13:00:00
2009,6,21,14,1,0.2431531869993053,53,2009-06-21 14:00:00
2009,6,21,14,0,-0.18503441017876823,61,2009-06-21 14:00:00
2009,6,21,15,1,0.373841493290716,49,2009-06-21 15:00:00
2009,6,21,15,0,-0.1437816876681039,83,2009-06-21 15:00:00
2009,6,21,16,0,-0.1877732521896131,78,2009-06-21 16:00:00
2009,6,21,16,1,0.2882671611587284,56,2009-06-21 16:00:00
2009,6,22,17,0,-0.3950250092893839,1,2009-06-22 17:00:00
2009,6,22,18,1,0.2341076608115275,28,2009-06-22 18:00:00
2009,6,22,18,0,-0.1739124997327916,39,2009-06-22 18:00:00
2009,6,22,19,1,0.29935133136699305,34,2009-06-22 19:00:00
2009,6,22,19,0,-0.15494100948457012,44,2009-06-22 19:00:00
2009,6,22,20,1,0.28774391281707534,29,2009-06-22 20:00:00
2009,6,22,20,0,-0.17876294862603906,41,2009-06-22 20:00:00
2009,6,22,21,1,0.26420717950587946,26,2009-06-22 21:00:00
2009,6,22,21,0,-0.15088152361866564,39,2009-06-22 21:00:00
2009,6,22,22,1,0.31374064815132774,44,2009-06-22 22:00:00
2009,6,22,22,0,-0.19223414738128972,72,2009-06-22 22:00:00
2009,6,22,23,1,0.27936895985621957,40,2009-06-22 23:00:00
2009,6,22,23,0,-0.16019605155716735,66,2009-06-22 23:00:00
2009,6,23,0,1,0.22043289113789796,10,2009-06-23 00:00:00
2009,6,23,0,0,-0.1304372417966299,33,2009-06-23 00:00:00
2009,6,23,1,0,-0.2349025940158121,46,2009-06-23 01:00:00
2009,6,23,1,1,0.26746680788499744,38,2009-06-23 01:00:00
2009,6,23,2,1,0.23771874963574152,23,2009-06-23 02:00:00
2009,6,23,2,0,-0.19110246519558133,50,2009-06-23 02:00:00
2009,6,23,3,1,0.2762077365602766,7,2009-06-23 03:00:00
2009,6,23,3,0,-0.12884791754186153,18,2009-06-23 03:00:00
2009,6,23,14,0,-0.21772397671348268,38,2009-06-23 14:00:00
2009,6,23,14,1,0.21570416547668478,18,2009-06-23 14:00:00
2009,6,23,15,0,-0.1569297123086554,66,2009-06-23 15:00:00
2009,6,23,15,1,0.2842689738558281,46,2009-06-23 15:00:00
2009,6,23,16,1,0.21597112440634336,38,2009-06-23 16:00:00
2009,6,23,16,0,-0.1781807186122083,61,2009-06-23 16:00:00
2009,6,23,17,1,0.20794599359401333,39,2009-06-23 17:00:00
2009,6,23,17,0,-0.11944179145781242,46,2009-06-23 17:00:00
2009,6,23,18,1,0.2466215212926875,43,2009-06-23 18:00:00
2009,6,23,18,0,-0.18786083215975008,53,2009-06-23 18:00:00
2009,6,23,19,1,0.23037646991639016,34,2009-06-23 19:00:00
2009,6,23,19,0,-0.18252819582052968,51,2009-06-23 19:00:00
2009,6,23,20,1,0.2616285016453575,41,2009-06-23 20:00:00
2009,6,23,20,0,-0.15496803217767072,70,2009-06-23 20:00:00
2009,6,23,21,1,0.3080839558352829,33,2009-06-23 21:00:00
2009,6,23,21,0,-0.2192093263290365,57,2009-06-23 21:00:00
2009,6,23,22,1,0.2892299647981024,37,2009-06-23 22:00:00
2009,6,23,22,0,-0.15488967260845551,41,2009-06-23 22:00:00
2009,6,23,23,1,0.26809059023970105,34,2009-06-23 23:00:00
2009,6,23,23,0,-0.15449443457905074,58,2009-06-23 23:00:00
2009,6,24,0,1,0.18462633979847518,41,2009-06-24 00:00:00
2009,6,24,0,0,-0.14278850440302346,61,2009-06-24 00:00:00
2009,6,24,1,0,-0.0888291687394182,3,2009-06-24 01:00:00
2009,6,24,1,1,0.36204305694748956,3,2009-06-24 01:00:00
2009,6,24,4,0,-0.14178402512334287,4,2009-06-24 04:00:00
2009,6,24,4,1,0.29081785678863525,4,2009-06-24 04:00:00
2009,6,24,5,0,-0.15087768089558398,7,2009-06-24 05:00:00
2009,6,24,5,1,0.24116221442818642,4,2009-06-24 05:00:00
2009,6,25,3,0,-0.19874849015225968,6,2009-06-25 03:00:00
2009,6,25,3,1,0.15625,1,2009-06-25 03:00:00
2009,6,25,4,0,-0.16428322755551605,86,2009-06-25 04:00:00
2009,6,25,4,1,0.26347948898965456,53,2009-06-25 04:00:00
2009,6,25,5,0,-0.20683489003997357,61,2009-06-25 05:00:00
2009,6,25,5,1,0.2619365817506991,53,2009-06-25 05:00:00
2009,6,25,6,1,0.290213558292233,43,2009-06-25 06:00:00
2009,6,25,6,0,-0.16212560756795222,66,2009-06-25 06:00:00
2009,6,25,7,0,-0.15961272781714797,69,2009-06-25 07:00:00
2009,6,25,7,1,0.28331313236344186,53,2009-06-25 07:00:00
2009,6,25,8,1,0.29184243572486,43,2009-06-25 08:00:00
2009,6,25,8,0,-0.15482620858554647,57,2009-06-25 08:00:00
2009,6,25,9,1,0.2250420053740247,39,2009-06-25 09:00:00
2009,6,25,9,0,-0.13737366640790633,56,2009-06-25 09:00:00
2009,6,25,10,0,-0.15718462409859058,56,2009-06-25 10:00:00
2009,6,25,10,1,0.25761059964341776,28,2009-06-25 10:00:00
2009,6,25,11,0,-0.1750190652920012,71,2009-06-25 11:00:00
2009,6,25,11,1,0.3060638018604368,50,2009-06-25 11:00:00
2009,6,25,12,0,-0.17111780135276014,85,2009-06-25 12:00:00
2009,6,25,12,1,0.2578946521165423,52,2009-06-25 12:00:00
2009,6,25,13,0,-0.13658653531538348,71,2009-06-25 13:00:00
2009,6,25,13,1,0.2661695656957678,65,2009-06-25 13:00:00
2009,6,25,14,0,-0.15417506284841404,82,2009-06-25 14:00:00
2009,6,25,14,1,0.2774721161589365,44,2009-06-25 14:00:00
2009,6,25,15,0,-0.16255845135587843,63,2009-06-25 15:00:00
2009,6,25,15,1,0.2634398019758473,51,2009-06-25 15:00:00
2009,6,25,16,0,-0.163848374945422,75,2009-06-25 16:00:00
2009,6,25,16,1,0.29512303037865256,44,2009-06-25 16:00:00
2009,6,25,17,0,-0.23796166368993,32,2009-06-25 17:00:00
2009,6,25,17,1,0.25329033400686013,21,2009-06-25 17:00:00
